time,observed,model,forcing,residual
1872.2083,0.1218197191073442,1.5778760115680108,0.045400311235098745,1.4560562924606666
1872.2917,0.6041284348778134,1.3073730834474717,0.04533207620452097,0.7032446485696583
1872.375,0.39793734875075676,1.018914595168351,0.045263943728733484,0.6209772464175942
1872.4583,0.893521592519632,0.6980601199758719,0.04519591365360014,-0.19546147254376012
1872.5417,0.5853866357249483,0.32554728020510937,0.045127985825216446,-0.25983935551983894
1872.625,0.04738454507007742,-0.08358623781409091,0.04506016008990923,-0.13097078288416833
1872.7083,-0.1860899104794457,-0.47548043595725387,0.04499243629423627,-0.2893905254778082
1872.7917,-0.7148598446997817,-0.7933024269874391,0.04492481428498598,-0.07844258228765744
1872.9583,-0.9458869964080145,-1.1987863207748415,0.04478987501405803,-0.25289932436682694
1873.0417,-1.19540349734175,-1.3766005316117482,0.04472255744710716,-0.18119703426999823
1873.125,-1.112710498407785,-1.115258424518957,0.04817316684228728,-0.0025479261111720497
1873.2083,-0.8791567610628919,-1.4026112828237545,0.04810076430972555,-0.5234545217608626
1873.2917,-0.5123950029551159,-1.6541011689375722,0.04802847059555931,-1.1417061659824563
1873.375,-0.7474696989532919,-1.8488476490465873,0.04795628553623843,-1.1013779500932954
1873.4583,-0.7241545920253982,-2.0027909706673763,0.0478842089684586,-1.278636378641978
1873.5417,-0.8854012456297987,-2.1390198365188655,0.04781224072916095,-1.253618590889067
1873.625,-2.3610586983106936,-2.248817143677268,0.04774038065553167,0.11224155463342544
1873.7083,-3.2059919142884454,-2.2864001795676616,0.04766862858500166,0.9195917347207838
1873.7917,-2.768610940136344,-2.20474888786724,0.04759698435524617,0.563862052269104
1873.875,-2.3424671172964247,-2.000391823423579,0.04752544780418439,0.3420752938728455
1873.9583,-1.5311472961925243,-1.7227431085492007,0.04745401876997914,-0.19159581235667633
1874.0417,-1.015125040122473,-1.4377919245331192,0.047382697091036444,-0.42266688441064626
1874.125,-0.5697199137337111,-1.1806053917639505,0.04731148260600523,-0.6108854780302394
1874.2083,-0.5480071336175064,-0.9392409736999081,0.0472403751537769,-0.3912338400824017
1874.2917,-0.7269023321438802,-0.6842636160353036,0.04716937457348503,0.04263871610857661
1874.375,-0.9459245509426634,-0.41021344993997433,0.04709848070450494,0.535711101002689
1874.4583,-1.2596321834066448,-0.14677130687186102,0.04702769338645338,1.1128608765347838
1875.375,-1.7878763541418954,1.0011819328830975,0.046256019620126314,2.789058287024993
1875.4583,-1.3729571644359413,0.8503689668930756,0.04618649849070407,2.223326131329017
1875.5417,-0.4059529335817584,0.6378612919847018,0.04611708184903229,1.0438142255664602
1875.625,0.3556238200165637,0.376983333666631,0.04604776953806968,0.02135951365006733
1875.7083,0.4046283150073791,0.12067238983179651,0.04597856140101093,-0.2839559251755826
1875.7917,0.23697444051925945,-0.07492431122087062,0.04590945728128642,-0.31189875174013004
1875.875,-0.1810450846582693,-0.19563954788724228,0.04584045702256185,-0.014594463228972981
1875.9583,-0.17697667673796572,-0.024154444183624668,0.049153420174742904,0.15282223255434105
1876.0417,-0.13117892173356394,-0.15594131982717085,0.04907954435677201,-0.02476239809360692
1876.125,0.018936985073493284,-0.3290843081339293,0.04900577957149145,-0.3480212932074226
1876.2083,-0.017115368189504432,-0.5160953959740899,0.04893212565202309,-0.4989800277845855
1876.2917,-0.27303700364392297,-0.672463208281003,0.04885858243173961,-0.39942620463708006
1876.375,-0.5722903129941286,-0.7785093117140374,0.04878514974426412,-0.20621899871990879
1876.4583,-0.8779654477693056,-0.8511505685164087,0.048711827423469814,0.02681487925289694
1876.5417,-1.1852408229931353,-0.9144803996698827,0.048638615303479536,0.27076042332325256
1876.625,-1.2662271769636089,-0.9608455070728825,0.04856551321866546,0.30538166989072635
1876.7083,-1.088827900734085,-0.9452938199017747,0.048492521003648675,0.14353408083231034
1876.7917,-0.84883147433386,-0.8215415986096606,0.04841963849329885,0.027289875724199386
1876.875,-0.28946502618980513,-0.5867024308053987,0.04834686552273381,-0.2972374046155936
1876.9583,0.24422246570650796,-0.29054219204668713,0.048274201927319224,-0.534764657753195
1877.0417,0.3815072398418386,0.0007876615300868028,0.04820164754266818,-0.3807195783117518
1877.125,0.4834803195919703,0.25235667362266934,0.04812920220464084,-0.23112364596930096
1877.375,0.8584143617119663,0.9385442856226552,0.04791251883260085,0.08012992391068896
1877.4583,0.7950848981156102,1.154291947974431,0.047840508044598294,0.3592070498588207
1877.5417,0.6386744340287808,1.3164944799873695,0.04776860548621328,0.6778200459585887
1877.625,1.0664435336737856,1.4254059963570405,0.04769681099478059,0.3589624626832548
1877.7083,1.5022388719184872,1.5211123926123418,0.0476251244078795,0.018873520693854617
1877.7917,1.3586699723185645,1.6477115617424634,0.04755354556333339,0.2890415894238989
1877.875,1.683727419698675,1.8085561012371574,0.047482074299209386,0.12482868153848248
1877.9583,1.9622422804705124,1.9570317978277296,0.047410710453817985,-0.005210482642782788
1878.0417,1.8299084458197359,2.032648551690237,0.04733945386571271,0.20274010587050117
1878.125,1.6012785252399282,1.88129229724144,0.05042374311024098,0.2800137720015119
1878.2083,1.8460923638903999,1.7212812711493872,0.05034795804270793,-0.12481109274101265
1878.2917,1.9769636580529033,1.5288129362425205,0.05027228687739845,-0.44815072181038285
1878.375,1.5316732816311243,1.3252297867276162,0.05019672944312161,-0.2064434949035081
1878.4583,0.8183666232349268,1.097550958155586,0.05012128556894376,0.2791843349206592
1878.5417,0.35542770189117473,0.8276840279825524,0.05004595508418817,0.47225632609137763
1878.625,0.24074867125147956,0.5309894046241481,0.049970737818434634,0.29024073337266854
1878.7083,-0.0007186410891630535,0.2616964136238542,0.049895633601519065,0.26241505471301724
1878.7917,-0.19884802044491046,0.07649697573923286,0.049820642263533145,0.2753449961841433
1878.875,-0.04229985639770151,-0.010690563775962558,0.04974576363482391,0.03160929262173895
1878.9583,0.1447425897844597,-0.03818106982621783,0.04967099754599338,-0.18292365961067752
1879.0417,0.19697677475508532,-0.06078457987630426,0.049596343827898175,-0.2577613546313896
1879.125,0.3487116992781197,-0.1026956058244487,0.049521802311649134,-0.4514073051025684
1879.2083,0.6224195796148909,-0.14170113120276395,0.049447372828610926,-0.7641207108176549
1879.2917,0.41305722167303366,-0.13913027919654597,0.04937305521040168,-0.5521875008695796
1879.375,-0.0322268956596371,-0.08152431817630068,0.04929884928889259,-0.04929742251666358
1879.4583,0.15481763688556016,0.007834611592243523,0.04922475489620754,-0.14698302529331664
1879.5417,0.09631810371766704,0.0985318972421001,0.049150771864722734,0.002213793524433058
1879.625,0.36681715770498863,0.19216671293436083,0.0490769000270663,-0.1746504447706278
1879.7083,0.531395733077966,0.3280846390407879,0.04900313921611792,-0.20331109403717806
1879.7917,0.6526447209181924,0.5475733206213087,0.04892948926500847,-0.10507140029688367
1879.875,0.7145095576632392,0.8493556753597817,0.0488559500071196,0.13484611769654253
1879.9583,0.8598310022134463,1.1803625865158918,0.04878252127608339,0.32053158430244544
1880.0417,0.8237995125808092,1.472110994981042,0.04870920290578197,0.6483114824002328
1880.125,0.7990030878973179,1.4907617054937323,0.05386088016694468,0.6917586175964144
1880.2083,0.7533409464902595,1.1638843006158854,0.053779929206364124,0.4105433541256259
1880.2917,0.25831376165201064,0.8310541509647063,0.0536990999121581,0.5727403893126957
1880.375,0.45338870552297633,0.5172257148280096,0.053618392101466426,0.06383700930503328
1880.4583,1.0047497786976953,0.21147340426217764,0.05353780559170377,-0.7932763744355177
1880.5417,0.5642893327043793,-0.10364001138891649,0.05345734020055921,-0.6679293440932959
1880.625,0.21370106085208707,-0.4131423320843782,0.053376995745995824,-0.6268433929364653
1880.7083,0.24828670090073943,-0.6648916459158998,0.0532967720462503,-0.9131783468166392
1880.7917,-0.009214311371971312,-0.8055753002229008,0.0532166689198325,-0.7963609888509295
1880.875,-0.16561017091754837,-0.8253930567315007,0.05313668618552505,-0.6597828858139523
1880.9583,-0.05238116258791013,-0.7681165236468571,0.05305682366238296,-0.715735361058947
1881.0417,0.11862549729914688,-0.6947453485364994,0.05297708116973318,-0.8133708458356462
1881.125,0.17889217995857698,-0.6357325588227577,0.052897458527174215,-0.8146247387813347
1881.2083,-0.24070254931117185,-0.5757342552784961,0.05281795555457569,-0.33503170596732423
1881.2917,-0.6923938875275618,-0.48286261241718725,0.05273857207207798,0.20953127511037456
1881.375,-0.24855561977887577,-0.3497069028404693,0.05265930790009176,-0.10115128306159352
1881.4583,-0.4081582193108665,-0.205363959117901,0.05258016285929765,0.20279426019296548
1881.5417,-0.5693610592915099,-0.08517494104720413,0.052501136770645745,0.4841861182443058
1881.625,-0.189716009436106,0.008922673909126821,0.05242222945535528,0.19863868334523282
1881.7083,0.17387864958294133,0.11365102821026996,0.052343440734914176,-0.060227621372671375
1881.7917,-0.07719845090176186,0.2690789208002684,0.05226477043107864,0.34627737170203027
1881.875,0.13393314289466854,0.47436688877306743,0.05218621836587279,0.3404337458783989
1881.9583,0.36432395387690514,0.6780979748904548,0.052107784361588236,0.3137740210135496
1882.0417,0.6171848947574338,0.8149045240579358,0.05202946824078366,0.19771962930050202
1882.125,0.7833804014833523,0.7431964355395997,0.0520884527981678,-0.04018396594375262
1882.2083,0.5130461701758788,0.7656443009542193,0.052010165732005925,0.2525981307783405
1882.2917,0.7498608929461231,0.7462253900254184,0.05193199632848133,-0.003635502920704692
1882.375,1.018770138299972,0.698291482504815,0.051853944410751314,-0.3204786557951571
1882.4583,0.2637570828130732,0.6015184330168901,0.05177600980223897,0.3377613502038169
1882.5417,0.10256050192153793,0.431658915671876,0.051698192326632766,0.32909841375033805
1882.625,-0.27048746801386603,0.1994723951512134,0.05162049180788618,0.46995986316507943
1882.7083,-0.4429212002175834,-0.044060215055451435,0.05154290807021726,0.398860985162132
1882.7917,-0.044008587724229005,-0.2438191077533487,0.051465440938108266,-0.1998105200291197
1882.875,0.2008302872826754,-0.38567637811044353,0.05138809023630524,-0.5865066653931189
1882.9583,-0.027774596940699767,-0.5061829119327366,0.05131085578981763,-0.4784083149920368
1953.5417,1.6743325269473277,-0.2861600035048558,0.014352645545629478,-1.9604925304521834
1953.7083,1.0734370225706358,-0.4498012610446377,0.014309534949478127,-1.5232382836152736
1953.7917,0.2818938366854829,-0.4592927174464056,0.014288028234474011,-0.7411865541318885
1953.875,-0.45347819718001214,-0.39694968761549887,0.01426655384328698,0.056528509564513274
1953.9583,-0.6271387108489287,-0.3071267859966544,0.0142451117273355,0.3200119248522743
1954.0417,-0.7430174002343545,-0.2494696218569588,0.01422370183811106,0.49354777837739566
1954.125,-0.4111354593633143,-0.25120782750195425,0.014202324127178048,0.15992763186136005
1954.2083,-0.30714695292035527,-0.2920836250204326,0.014180978546173654,0.015063327899922652
1954.2917,-0.03945614357956113,-0.33379715642412483,0.014159665046807752,-0.2943410128445637
1954.375,0.006758884032051288,-0.36129395425612715,0.0141383835808628,-0.3680528382881784
1954.4583,-0.1331964347894273,-0.3951160481333694,0.014117134100193718,-0.2619196133439421
1954.5417,-0.59733501487891,-0.46147081398835543,0.01409591655672779,0.13586420089055462
1954.625,-0.8207427687794768,-0.5529481085525108,0.014074730902464553,0.2677946602269661
1954.7083,-0.8098352628269913,0.47613983090182344,0.019934785539179614,1.2859750937288146
1954.7917,-0.5710301497203524,0.4014591423600493,0.019904824275394802,0.9724892920804017
1954.875,-0.3755587968725367,0.3985735506818746,0.019874908042309007,0.7741323475544113
1954.9583,0.030153272755314795,0.4230808200941365,0.01984503677224271,0.3929275473388217
1955.125,-0.08765112971238792,0.34772470141924683,0.019785428850959002,0.43537583113163475
1955.2083,-0.07995036374631591,0.24054522897509545,0.019755692064890543,0.32049559272141137
1955.2917,-0.051383881056676746,0.1319039005693301,0.019725999972139186,0.18328778162600684
1955.375,-0.3887341794452121,0.03652919972569568,0.01969635250553249,0.4252633791709078
1955.4583,-0.5383138909520037,-0.06629438930914822,0.01966674959799897,0.47201950164285544
1955.5417,-0.6718390388963666,-0.2029376302217737,0.01963719118256794,0.46890140867459296
1955.625,-1.5099164659376478,-0.3663585092715054,0.019607677192369385,1.1435579566661425
1955.7083,-1.543940874329602,-0.5107870803374335,0.019578207560633772,1.0331537939921684
1955.7917,-1.446359588770362,-0.5875816991776458,0.019548782220691938,0.8587778895927162
1955.875,-1.0887882598364,-0.590037913779073,0.019519401105974908,0.49875034605732704
1955.9583,-1.093924885631163,-0.5628972158481557,0.01949006415001377,0.5310276697830073
1956.0417,-1.0460950130296454,-0.5661920556146068,0.019460771286439502,0.4799029574150385
1956.125,-0.8939490749885084,-0.6278790962325806,0.019431522448982837,0.26606997875592775
1956.2083,-0.8429103760375412,-0.7281130512769856,0.01940231757147411,0.1147973247605556
1956.2917,-0.8223617864954541,-0.8289859558547443,0.019373156587843103,-0.006624169359290222
1956.375,-1.0281084772958315,-0.9161661288715853,0.019344039432118904,0.11194234842424622
1956.4583,-0.9883027569309742,-1.0105376385954166,0.019314966038429745,-0.02223488166444232
1956.5417,-1.5503293179459965,-1.1386100262162266,0.01928593634100287,0.41171929172976984
1956.625,-1.7368147051975316,-1.2935655057133812,0.019256950274164367,0.4432491994841503
1956.7083,-1.1593699213460769,-1.4296624123099613,0.01922800777233904,-0.2702924909638844
1956.7917,-0.8387021817938222,-1.049342597084977,0.022594672565626285,-0.21064041529115485
1956.875,-0.3848326805677928,-1.0590894353521951,0.02256071358756055,-0.6742567547844023
1957.5417,-0.10166105749948455,-1.6731227702350184,0.02229087274220238,-1.571461712735534
1958.2083,-0.030309528029504294,-2.020962018577568,0.022024259369306066,-1.9906524905480636
1958.2917,-0.1461652674215334,-2.072528630218015,0.021991157701704376,-1.9263633627964813
1958.375,-0.2106693534071874,-2.102295701079903,0.021958105784715392,-1.8916263476727155
1958.4583,-0.04727583223868818,-2.1306017237016963,0.021925103543565735,-2.083325891463008
1958.5417,-0.07807263701386812,-2.1834605847204123,0.021892150903594414,-2.1053879477065442
1958.625,0.021123493535276937,-2.253608394750217,0.021859247790252643,-2.2747318882854937
1958.7083,0.07217471066446046,-2.2949507971947964,0.021826394129103685,-2.367125507859257
1959.375,0.4790029845166003,-1.502934991397592,0.021565336223286147,-1.9819379759141924
1959.4583,0.6696840478336381,-1.4013296909381716,0.021532924300623413,-2.0710137387718097
1959.5417,0.4077870686439635,-1.3238903543817406,0.021500561091911615,-1.7316774230257042
1959.625,0.20848098053588215,-1.2644293375143567,0.021468246523935443,-1.4729103180502388
1959.7083,-0.16897130176862993,-1.1777676097715064,0.021435980523589623,-1.0087963080028766
1959.7917,-0.2703748044099192,-1.015907308338841,0.02140376301787876,-0.7455325039289218
1959.875,-0.22573915361659896,-0.773153788996942,0.021371593933917164,-0.5474146353803431
1959.9583,0.008277756322297951,-0.49499466080462134,0.021339473198928694,-0.5032724171269193
1960.125,-0.02120463974016853,-0.04405922438184051,0.02127537648531329,-0.02285458464167198
1960.2917,-0.4342544481658188,0.28257544323563477,0.02121147229700805,0.7168298914014536
1960.375,-0.48911745056187134,0.46103761719857783,0.021179592219065606,0.9501550677604491
1960.4583,-0.5937318659156463,0.6320566123362581,0.021147760055730665,1.2257884782519044
1960.5417,-0.4543982832789116,0.7680803728552866,0.021115975734989297,1.2224786561341983
1960.625,-0.08235802668992119,0.8745645417010711,0.02108423918493581,0.9569225683909923
1960.7083,0.2206715997555405,0.8583732560332331,0.017774048417641547,0.6377016562776926
1960.7917,0.7307352029946242,1.0314355472821015,0.017747334663830733,0.3007003442874773
1960.875,1.2552426975323034,1.2730529178225263,0.017720661059828557,0.017810220290222833
1960.9583,1.3929697806312775,1.537635164495375,0.017694027545291303,0.14466538386409744
1961.7083,1.029254112556139,2.376455091470918,0.01745612002845058,1.347200978914779
1961.7917,0.8123078249782286,2.4380145374715503,0.01742988410954371,1.6257067124933218
1961.875,0.6868360383530308,2.560307857315893,0.01740368762227685,1.873471818962862
1961.9583,0.8197540546539023,2.6984748618999546,0.01737753050738566,1.8787208072460522
1962.0417,1.2527912209649412,2.79241529430848,0.017351412705694885,1.5396240733435387
1962.125,1.6537276056032673,2.8142605569595607,0.0173253341581182,1.1605329513562934
1962.2083,1.979233621036129,2.784006902945245,0.01729929480565809,0.804773281909116
1962.2917,2.065615309817836,2.7397525767528808,0.017273294589405706,0.6741372669350447
1962.375,1.7202763273642532,2.6962703410282574,0.01724733345054074,0.9759940136640042
1962.4583,1.5097497788482783,2.633035772475118,0.01722141133033129,1.1232859936268398
1962.5417,0.8482516873633515,2.523921682551206,0.017195528170133718,1.6756699951878544
1962.625,0.1819340972651424,2.3764418600874135,0.017169683911392536,2.1945077628222713
1962.7083,0.04523350477990667,2.2368262449711467,0.017143878495640256,2.19159274019124
1962.7917,0.33864917035523556,2.154212897751127,0.017118111864497267,1.8155637273958916
1962.875,0.5758895111848346,2.1361150060256184,0.0170923839596717,1.5602254948407839
1962.9583,0.842019720974661,2.138439969730476,0.017066694722959293,1.296420248755815
1963.0417,0.8433445615025547,2.1018192625962184,0.017041044096243272,1.2584747010936637
1963.125,1.0179960976135964,1.9993186396939804,0.017015432021494203,0.9813225420803839
1963.2917,0.9195385395792143,1.6970640509241108,0.016964323296215132,0.7775255113448966
1963.375,1.0027114020114714,1.5513746315715278,0.01693882653006183,0.5486632295600564
1963.4583,0.8130526565820996,1.6875007997131841,0.017238775647309454,0.8744481431310845
1963.5417,0.8833922999795941,1.537114846098901,0.017212866389169648,0.6537225461193069
1963.625,0.8237306626006194,1.3560317963199937,0.017186996071710498,0.5323011337193743
1963.7083,0.8876484805731425,1.190456522284896,0.017161164636405563,0.30280804171175346
1963.7917,1.3415576226968569,1.089453413000025,0.01713537202481637,-0.2521042096968318
1963.875,1.7954646784575352,1.0604176297117824,0.017109618178592273,-0.7350470487457528
1963.9583,1.8658022354919936,1.059011837400295,0.017083903039470324,-0.8067903980916986
1964.0417,1.9826844654977611,1.025581179731903,0.017058226549275145,-0.9571032857658581
1964.125,1.9133984354334732,0.9327973381682786,0.017032588649918794,-0.9806010972651946
1964.2083,1.783125927462317,0.8008146684166509,0.017006989283400633,-0.9823112590456661
1964.625,1.1927602973285851,0.07739933895538081,0.01687956841945505,-1.1153609583732043
1964.7083,0.44781394349064235,-0.08872140908403997,0.01685419903682512,-0.5365353525746823
1964.7917,-0.03392310880794828,-0.18673224387240778,0.01682886778346242,-0.1528091350644595
1964.875,-0.2909797257539797,-0.20988793466072592,0.01680357460206004,0.08109179109325376
1964.9583,0.024912328808749384,-0.20300447852128595,0.01677831943539719,-0.22791680733003533
1965.0417,0.17550392638802673,-0.22620076916990417,0.016753102226339096,-0.40170469555793087
1965.125,0.674353328308325,-0.30741694185293067,0.01672792291783684,-0.9817702701612556
1965.2083,0.8217340131751165,-0.4269107684321239,0.016702781452927258,-1.2486447816072404
1965.2917,0.7957880024587601,-0.5468863598038757,0.016677677774732794,-1.3426743622626358
1965.375,0.7393456232444153,-0.6530158812185308,0.016652611826461376,-1.3923615044629463
1965.4583,0.4806887658497312,-0.7663079046530855,0.016627583551406293,-1.2469966705028166
1965.5417,-0.018701004096904797,-0.9134020181623383,0.016602592892946057,-0.8947010140654336
1965.625,-0.03180753668939043,-1.087498303915337,0.016577639794544283,-1.0556907672259466
1965.7083,-0.024052525284381024,-1.2429919975022359,0.01655272419974956,-1.2189394722178548
1965.7917,0.2533294403588798,-0.4917488172059202,0.017950094015043754,-0.7450782575648
1965.875,0.437624146422559,-0.362660667253751,0.017923115671048536,-0.80028481367631
1965.9583,0.7471027210124608,-0.20817400496117922,0.01789617787453146,-0.95527672597364
1966.0417,0.49968510129299476,-0.08877570280229574,0.01786928056455113,-0.5884608040952906
1966.2083,0.6869257519635811,-0.020493379390296274,0.01781560716089293,-0.7074191313538774
1966.2917,0.6016039356041891,-0.01442032032285634,0.017788830945789688,-0.6160242559270455
1966.375,0.4183816201410412,-0.00025041250638746515,0.01776209497437215,-0.41863203264742865
1966.4583,0.4245363910973978,0.001007678363954878,0.017735399186155514,-0.42352871273344295
1966.5417,0.8046362680946614,-0.037234300525889164,0.017708743520745873,-0.8418705686205505
1966.625,1.0338733203179606,-0.10803990550004205,0.017682127917840094,-1.1419132258180027
1966.7083,1.677172067039396,-0.16564366628523464,0.01765555231722568,-1.8428157333246307
1966.7917,1.5453118367978036,-0.1613385639252911,0.01762901665878063,-1.7066504007230947
1966.875,2.00244440981222,-0.08819846706794165,0.017602520882473306,-2.0906428768801613
1966.9583,2.112919418934268,0.009278683395572918,0.017576064928362292,-2.1036407355386952
1967.2083,2.2341120749725207,0.027138390309155547,0.01749693540114349,-2.206973684663365
1967.4583,1.9605043400614803,-0.10420300641884084,0.017418162124433745,-2.064707346480321
1967.5417,1.6890226090841776,-0.18656820206376734,0.01739198325488779,-1.875590811147945
1968.125,1.0581105997077895,-0.24606853415602625,0.017209829547806633,-1.3041791338638158
1968.2083,0.7256423908236186,-0.2904211806603797,0.017183963794610537,-1.0160635714839983
1968.375,0.5004528828902622,-0.3595795467181654,0.01713234885567306,-0.8600324296084276
1968.4583,0.031569913256794854,-0.3903262357451669,0.01710659955316316,-0.42189614900196176
1968.9583,-0.49634252575572324,-0.3876951219124833,0.01695291441111703,0.10864740384323995
1969.0417,-0.5623905203880566,-0.29717686673997423,0.016927434792106604,0.26521365364808236
1969.125,-0.7857210788562895,-0.26252448640340226,0.016901993468044715,0.5231965924528872
1969.2083,-0.4762278997251353,0.034410135974345585,0.013749133081871742,0.5106380356994809
1969.2917,-0.340057243451057,0.05262001592767154,0.013728468630665642,0.39267725937872855
1969.375,0.09461980420631981,0.08544548105886904,0.013707835237384511,-0.009174323147450772
1969.4583,-0.23623564605098216,0.1116292974887795,0.013687232855349408,0.34786494353976166
1969.5417,-0.07117720717971258,0.10425084201663706,0.013666661437951548,0.17542804919634963
1969.625,0.04091890602134884,0.0693455395195532,0.013646120938652199,0.028426633498204366
1969.7083,0.045485954707269086,0.05216655955046359,0.013625611310982572,0.006680604843194507
1969.7917,0.1367205239108355,0.10083699424143694,0.013605132508543723,-0.03588352966939856
1969.875,0.19104107191751424,0.22115150817055512,0.013584684485006441,0.030110436253040884
1969.9583,0.4363431195184224,0.3679103566833607,0.013564267194111147,-0.06843276283506172
1971.0417,0.515055337779598,0.5393359564076683,0.013301618160867727,0.024280618628070294
1971.125,0.514815406030452,0.5193026127210312,0.013281626308449784,0.004487206690579226
1971.2083,0.4680349740360691,0.45364650873940415,0.013261664503065087,-0.014388465296664932
1971.2917,0.5512537364551194,0.3805313004370987,0.013241732699554028,-0.17072243601802073
1971.375,0.43867150066665767,0.31465467197630326,0.013221830852824874,-0.12401682869035441
1971.4583,0.2362170907371722,0.23551944131955338,0.013201958917853661,-0.000697649417618823
1971.5417,0.012903223173227694,0.11700648193128194,0.013182116849684095,0.10410325875805423
1971.625,-0.48003551226593216,-0.03349778391560876,0.01316230460342745,0.4465377283503234
1971.7083,-0.7627335309250562,-0.16978859306920313,0.013142522134262468,0.5929449378558531
1971.7917,-0.5767989435150394,-0.24277153195040357,0.013122769397435253,0.3340274115646358
1971.875,-0.5882697674872592,-0.24510374072536245,0.013103046348259173,0.3431660267618968
1971.9583,-0.2819687238012663,-0.22094971172033384,0.01308335294211476,0.06101901208093247
1972.0417,-0.26936083197439736,-0.22976742016321783,0.013063689134449608,0.039593411811179535
1972.125,-0.16848726554426563,-0.2986955976444794,0.013044054880778266,-0.13020833210021376
1972.2083,-0.33884089380103805,-0.04637157616391763,0.01903765755538865,0.2924693176371204
1972.2917,-0.3904262198674512,-0.08169941699265948,0.01900904464261159,0.3087268028747917
1972.375,-0.4259674141866158,-0.10186585024791772,0.01898047473401061,0.3241015639386981
1972.4583,-0.6765646511730268,-0.12746017449727054,0.018951947764951977,0.5491044766757562
1972.5417,-0.9528345853180713,-0.1847510251275477,0.018923463670899112,0.7680835601905236
1972.625,-0.5486330425283223,-0.2664290516265808,0.018895022387412426,0.28220399090174153
1972.7083,-0.25356289106540325,-0.3266234103483129,0.01886662385014918,-0.07306051928290963
1972.7917,-0.0676220445662781,-0.3166274605219787,0.018838267994863343,-0.2490054159557006
1972.875,-0.040570261440813486,-0.2294832308611956,0.018809954757405444,-0.1889129694203821
1972.9583,0.1598123899938713,-0.10991549176561033,0.018781684073722424,-0.2697278817594816
1973.0417,0.061686563682221474,-0.017986647685568458,0.01875345587985749,-0.07967321136778993
1973.125,0.12244354165512407,0.018505987149994074,0.018725270111949983,-0.10393755450513
1973.2083,0.08369769371258179,0.019286991188035008,0.018697126706235218,-0.06441070252454678
1973.2917,0.049771344383322175,0.022089170317276863,0.018669025599044344,-0.027682174066045312
1973.375,0.3512633212712127,0.041241846747134714,0.018640966726804205,-0.31002147452407797
1973.4583,0.21782997330043613,0.055563593116920884,0.018612950026037196,-0.16226638018351525
1973.5417,0.4567352318328055,0.03818994999042058,0.01858497543336111,-0.41854528184238493
1973.625,0.552803904190907,-0.00426997006404406,0.01855704288548901,-0.557073874254951
1973.7083,0.09357662268829324,-0.026566895297987614,0.01852915231922907,-0.12014351798628085
1973.7917,-0.29502935640695876,0.01939824943519991,0.018501303671484438,0.3144276058421587
1973.875,-0.4894470959215677,0.13987357423490537,0.0184734968792531,0.6293206701564731
1973.9583,-0.4254750325101073,0.2895571071725667,0.018445731879627728,0.715032139682674
1974.0417,-0.26039155728240504,0.40784081469172523,0.01841800860979554,0.6682323719741303
1974.125,-0.2927134934369398,0.4663016126623091,0.018390327007038167,0.7590151060992489
1974.2083,-0.03294251818100332,0.044714691930617834,0.015238906950894656,0.07765721011162116
1974.2917,-0.21772543319511897,0.06009395399958806,0.015216003423287067,0.277819387194707
1974.375,-0.137702978947302,0.0878889868058893,0.015193134318855534,0.2255919657531913
1974.4583,0.06589684428897664,0.10668103121006212,0.015170299585863266,0.04078418692108547
1974.5417,0.4123353400625593,0.08941779173682746,0.015147499172651227,-0.32291754832573183
1974.625,0.12323427324578819,0.042514766516245917,0.015124733027638025,-0.08071950672954227
1974.7083,-0.11772188015102138,0.01117374963448986,0.015102001099319794,0.12889562978551122
1974.7917,-0.005594471504419169,0.0435010472381121,0.015079303336270077,0.04909551874253127
1974.875,0.26862248141314904,0.14579235489232106,0.015056639687139705,-0.12283012652082798
1974.9583,0.5299999562068465,0.2729041083113875,0.015034010100656687,-0.257095847895459
1975.0417,0.6485471039153841,0.3644406510792032,0.015011414525626094,-0.28410645283618086
1975.125,0.4894452315120461,0.39227089597407905,0.01498885291092994,-0.09717433553796706
1975.2083,0.7620577712548895,0.37601283568916133,0.014966325205527065,-0.38604493556572816
1975.2917,0.44407518093003523,0.35338678600182327,0.014943831358453025,-0.09068839492821196
1975.375,0.6813822853767879,0.3387718524691898,0.014921371318819973,-0.34261043290759813
1975.4583,0.9636275632570885,0.311218270468069,0.014898945035816544,-0.6524092927890195
1975.5417,0.5782408423264664,0.24418636972650543,0.014876552458707741,-0.334054472599961
1975.625,-0.10405620226487353,0.14472455934305184,0.014854193536834821,0.24878076160792537
1975.7083,-0.26315598830517545,0.05863838360254281,0.014831868219615177,0.32179437190771826
1975.7917,-0.2649711241465416,0.03466566994978926,0.014809576456542226,0.29963679409633087
1975.875,-0.15444812867466426,0.07983892885141142,0.014787318197185297,0.23428705752607568
1975.9583,-0.021455003304494902,0.14968471583237597,0.014765093391189513,0.17113971913687087
1976.0417,-0.06499739986692328,0.18448665039445677,0.014742901988275678,0.24948405026138004
1976.125,-0.24495872990472023,0.15686123743071778,0.014720743938240164,0.401819967335438
1976.2083,-0.31257775590320147,-0.10057049975943988,0.01440089101256664,0.2120072561437616
1976.2917,-0.8215376730962131,-0.20946300306477372,0.01437924699269415,0.6120746700314393
1976.375,-0.839403199773936,-0.306399442404649,0.014357635503003008,0.533003757369287
1976.4583,-0.7417155096998572,-0.41167402014970067,0.014336056494601528,0.33004148955015655
1976.5417,-0.6761223422093835,-0.5512014925701139,0.014314509918671501,0.12492084963926964
1977.4583,-0.8421008671795527,-1.2588892905655271,0.014079624237775031,-0.41678842338597444
1977.5417,-0.6802095273970116,-1.3526105679289506,0.014058463070279654,-0.672401040531939
1977.625,-0.9484302729489632,-1.4674616606485353,0.014037333707255916,-0.5190313876995721
1977.7083,-0.8908591713321137,-1.5575920616597458,0.014016236100902843,-0.6667328903276322
1977.7917,-1.1430295260477088,-1.574307825883664,0.013995170203491305,-0.4312782998359552
1977.875,-1.4433468805463012,-1.5110806853644974,0.013974135967363906,-0.06773380481819613
1977.9583,-1.3841692793916909,-1.412690724820858,0.013953133344934879,-0.028521445429167125
1978.0417,-1.2864711575024321,-1.3392454595283425,0.013932162288689974,-0.05277430202591038
1978.125,-1.267414317531123,-1.3190416296775145,0.013911222751186355,-0.05162731214639149
1978.2083,-1.0124378045320366,-1.3324162157965331,0.013890314685052491,-0.31997841126449655
1978.2917,-0.9436253788769329,-1.3416850652909362,0.013869438042988047,-0.39805968641400336
1978.375,-0.7961758440299516,-1.33303742808843,0.01384859277776378,-0.5368615840584785
1978.4583,-1.5137658057391659,-1.3276935164745414,0.013827778842221432,0.1860722892646245
1978.5417,-1.80605274891199,-1.352541689564064,0.01380699618927362,0.4535110593479259
1978.625,-2.18821603895191,-1.4014622883712344,0.013786244771903731,0.7867537505806754
1978.7083,-1.8642268094462586,-1.429196878313342,0.01376552454316582,0.43502993113291666
1978.7917,-2.190216861103485,-1.387621862135216,0.013744835456184499,0.8025949989682688
1978.875,-1.829313610400946,-1.270908911026695,0.013724177464154826,0.5584046993742511
1978.9583,-1.4972981422955987,-1.1242851669405802,0.013703550520342214,0.37301297535501843
1979.0417,-1.4204573916777625,-1.5663515120631932,0.01001395112417044,-0.1458941203854307
1979.125,-1.3484340533101733,-1.4689071955604018,0.009998900516750068,-0.12047314225022854
1979.2083,-1.0822183026358687,-1.4114976270393846,0.0099838725298499,-0.3292793244035159
1979.2917,-1.3552439422598506,-1.3567418014815826,0.00996886712947211,-0.0014978592217320674
1979.375,-1.275194365292565,-1.2910699512971515,0.009953884281669968,-0.015875586004586495
1979.4583,-1.8772248511608698,-1.2358216704881304,0.009938923952547767,0.6414031806727394
1979.5417,-1.9063045791573778,-1.2179552147569388,0.009923986108260743,0.688349364400439
1979.625,-1.9626697629393886,-1.231269990363649,0.009909070715015001,0.7313997725757395
1979.7083,-1.7991656645299787,-1.2303946846150504,0.009894177739067433,0.5687709799149283
1979.7917,-1.8683661537097882,-1.1670461507373329,0.00987930714672565,0.7013200029724553
1979.875,-1.4047429052902107,-1.035013022060311,0.009864458904347898,0.36972988322989964
1980.0417,-1.321670188283684,-0.7597716416391024,0.009834829335170218,0.5618985466445817
1980.125,-1.2207548945928313,-0.704835859868602,0.009820047941339293,0.5159190347242293
1980.2083,-1.1214419277136674,-0.6945014053962135,0.009805288763410254,0.42694052231745383
1980.2917,-0.9964479182237256,-0.6907858444277573,0.009790551767993403,0.3056620737959683
1980.375,-1.240581602524444,-0.6792242011341536,0.009775836921749223,0.5613574013902904
1980.4583,-0.8154747021134428,-0.6804895494295331,0.009761144191388307,0.13498515268390965
1980.5417,-0.9456574964740486,-0.7208677901976908,0.00974647354367128,0.22478970627635786
1980.625,-0.7709120740263845,-0.7931978382027451,0.009731824945408725,-0.022285764176360634
1980.7083,-0.4629607171788735,-0.8514307675775863,0.009717198363461107,-0.3884700503987128
1980.7917,-0.37166772981029766,-0.8466175191222389,0.009702593764738697,-0.47494978931194126
1980.875,-0.3333370681119299,-0.7716244588754907,0.009688011116201501,-0.43828739076356077
1980.9583,0.01955246216912895,-0.6707460956676812,0.009673450384859185,-0.6902985578368102
1981.0417,0.1333155794359968,-0.6035591199052985,0.009658911537770992,-0.7368746993412953
1981.125,0.2181888277426373,1.153941409158064,0.008880242200503156,0.9357525814154267
1981.2083,0.30306207604927776,1.1271731098736937,0.00886689551671168,0.824111033824416
1981.2917,0.6029955397492366,1.0961469874805347,0.00885356889250464,0.49315144773129815
1981.375,0.8226812219934847,1.0759070315172528,0.008840262297733204,0.25322580952376805
1981.4583,0.7984230789732951,1.0460799609281333,0.008826975702293852,0.24765688195483815
1981.5417,0.4724497182203575,0.9806327231155751,0.00881370907612831,0.5081830048952176
1981.625,0.5428811615914384,0.8870433033948899,0.008800462389223478,0.3441621418034515
1981.7083,0.8139247563311698,0.8114502274655289,0.008787235611611368,-0.0024745288656409237
1981.7917,0.8265848072339401,0.8028427371007332,0.00877402871336903,-0.02374207013320695
1981.875,1.1746631843538604,0.8683875859142169,0.008760841664618487,-0.30627559843964347
1981.9583,1.3526257786031186,0.9636652294796776,0.00874767443552667,-0.388960549123441
1982.0417,1.307510264311506,1.0289282148694732,0.008734526996305348,-0.2785820494420328
1982.125,1.4694245540874438,1.0366130876370945,0.008721399317211057,-0.4328114664503493
1982.2083,1.7372614088407614,1.0067713704207693,0.00870829136854504,-0.7304900384199922
1982.2917,1.5701750250984483,0.9774670770977486,0.008695203120653174,-0.5927079480006997
1982.375,1.5619714456406877,0.9632720639914423,0.008682134543925905,-0.5986993816492454
1982.4583,1.4029071277719984,0.9433370454550712,0.008669085608798184,-0.4595700823169272
1982.5417,1.9098787409916516,0.8911285346338722,0.008656056285749393,-1.0187502063577794
1982.625,1.551808771292073,0.8134903350257522,0.008643046545303287,-0.7383184362663208
1982.7083,1.3831158880119987,0.7559929075924856,0.008630056358027919,-0.6271229804195131
1982.7917,1.0314698301004275,0.7670502360228294,0.008617085694535578,-0.2644195940775981
1982.875,0.997589380757961,0.8531218737046523,0.008604134525482724,-0.14446750705330869
1982.9583,1.0856818872292313,0.9692013338660511,0.008591202821569915,-0.1164805533631802
1983.0417,1.2251364789220571,1.05496526204219,0.00857829055354175,-0.17017121687986703
1983.125,1.2281700507764786,0.30626635466185287,0.007816823807393035,-0.9219036961146256
1983.2083,1.2568825788786413,0.24845369929580496,0.007805075403097819,-1.0084288795828362
1983.2917,1.5199145395599292,0.19011166146272568,0.007793344656230592,-1.3298028780972035
1983.375,1.7588698708051638,0.14527623171298176,0.007781631540252877,-1.6135936390921821
1983.4583,1.4633949649132503,0.09272368036646536,0.007769936028666082,-1.370671284546785
1983.5417,1.2256997969417915,0.005586812001756619,0.007758258095011444,-1.220112984940035
1983.625,0.4054253056871514,-0.1096427835115584,0.007746597712869963,-0.5150680891987098
1983.7083,0.3699446158960322,-0.20759928046769782,0.0077349548558623485,-0.57754389636373
1983.7917,0.11299440346483955,-0.2400235225276922,0.007723329497648957,-0.3530179259925318
1983.875,-0.0027298950559182505,-0.20057522997537677,0.00771172161192973,-0.19784533491945852
1983.9583,-0.047839150258422516,-0.13426634125127374,0.007700131172444141,-0.08642719099285122
1984.0417,-0.1972623845375101,-0.10137265914979854,0.007688558152971129,0.09588972538771157
1984.125,-0.3675513355401649,-0.13001023514434323,0.007677002527329042,0.23754110039582166
1984.2083,-0.40944759166714734,-0.20046098337261872,0.007665464269375581,0.20898660829452861
1984.2917,-0.3598630877523092,-0.27491626752427356,0.007653943353007736,0.08494682022803562
1984.375,-0.9024864725320378,-0.33900718641195515,0.007642439752161729,0.5634792861200827
1984.4583,-1.0952413807069123,-0.41361219483779676,0.007630953440812955,0.6816291858691156
1984.5417,-1.613788136050588,-0.5252109553208701,0.007619484392975923,1.0885771807297178
1984.625,-2.0360429781913045,-0.6667845283715453,0.007608032582704198,1.369258449819759
1984.7083,-2.138923625862119,-0.7924807933195837,0.0075965979840903405,1.3464428325425355
1984.7917,-1.8469955371314963,-0.8535258592592293,0.007585180571265849,0.993469677872267
1984.875,-1.7765474028561268,-0.842929149464827,0.007573780318401103,0.9336182533912998
1984.9583,-1.428450248468882,-0.8051375897492152,0.007562397199705301,0.6233126587196667
1985.0417,-1.1204738552649387,-0.7998506136900378,0.007551031189426406,0.32062324157490085
1985.125,-0.7194143752074856,-0.6944723669958328,0.0029103914008676048,0.024942008211652822
1985.2083,-0.4836595248595564,-0.7338415750249145,0.0029060171875455168,-0.25018205016535816
1985.2917,-0.3297506100529546,-0.7748457991592882,0.002901649548508311,-0.4450951891063336
1985.375,-0.7086696055718121,-0.8025220901081007,0.0028972884738750738,-0.09385248453628858
1985.4583,-0.6943884505900285,-0.8372760129916677,0.002892933953779743,-0.14288756240163913
1985.5417,-0.8550363180030819,-0.9051381971183294,0.0028885859783710846,-0.05010187911524755
1985.625,-1.2130916831614083,-0.9986424364047106,0.00288424453781267,0.21444924675669763
1985.7083,-0.9323965730168952,-1.0715962257352019,0.0028799096222828554,-0.1391996527183067
1985.7917,-0.9983548540386781,-1.0749236298256344,0.0028755812219747583,-0.07656877578695631
1985.875,-0.7914856999249041,-1.0014056151509485,0.0028712593270962352,-0.20991991522604436
1985.9583,-0.6407856114677521,-0.8953320203844422,0.0028669439278698598,-0.25454640891669
1986.0417,-0.597610414799669,-0.8162934050931268,0.0028626350145329015,-0.21868299029345772
1986.125,-0.849739042254543,-0.7917576735253948,0.002858332577337302,0.057981368729148164
1986.2083,-1.1532234958418643,-0.8014907435691466,0.002854036606549655,0.3517327522727177
1986.2917,-1.0442444090166663,-0.8072273054325796,0.0028497470924511823,0.23701710358408667
1986.375,-0.8052744732301791,-0.7942900111947441,0.0028454640253377126,0.010984462035435016
1986.4583,-0.5213663640101442,-0.7833249547885901,0.0028411873955196602,-0.26195859077844585
1986.5417,-1.0399006011756036,-0.8006541312382721,0.002836917193322002,0.23924646993733145
1986.625,-1.1251180993831928,-0.8393594135300166,0.0028326534090842566,0.2857586858531762
1986.7083,-0.7625687082452081,-0.8536839084472216,0.0028283960331604613,-0.09111520020201358
1986.7917,-1.0050604248365527,-0.79503016035316,0.002824145055919152,0.21003026448339268
1986.875,-0.8062091638703309,-0.6569384685422786,0.002819900467743339,0.14927069532805237
1986.9583,-0.91389261925014,-0.4842833450149447,0.0028156622590304876,0.4296092742351953
1987.0417,-0.8947857065659657,-0.3372699669344327,0.002811430420192495,0.557515739631533
1987.125,-0.869261141182892,0.4605119786211383,0.004881489122698968,1.3297731198040303
1987.2083,-0.48423953378357915,0.4796790276582322,0.004874152420581936,0.9639185614418113
1987.2917,-0.33353109987428287,0.501722126801696,0.004866826745263612,0.8352532266759789
1987.375,-0.4684937519504863,0.5404017562120542,0.004859512080171117,1.0088955081625406
1987.4583,-0.7077766421923813,0.5744068555166842,0.004852208408756477,1.2821834977090656
1987.5417,-0.7111356866804269,0.5767545834948227,0.00484491571449659,1.2878902701752497
1987.625,-0.13352399378608762,0.5535104920221032,0.0048376339808931905,0.6870344858081908
1987.7083,-0.11441708110191326,0.549834209352775,0.004830363191472805,0.6642512904546883
1987.7917,-0.016666800136753014,0.6137470681782561,0.004823103329786723,0.6304138683150091
1987.875,0.09713178530172777,0.7510175745446694,0.004815854379410952,0.6538857892429417
1987.9583,0.4019118703344379,0.9163117805714495,0.004808616323946187,0.5143999102370116
1988.0417,0.796568302234244,1.0490005016816568,0.004801389147017769,0.2524321994474128
1988.125,1.2570244515650928,1.1202738757514707,0.004794172832275651,-0.13675057581362204
1988.2083,1.5778549274341598,1.149429823754152,0.004786967363394359,-0.42842510368000775
1988.2917,1.4525291862214855,1.1738291383540151,0.004779772724072955,-0.2787000478674704
1988.375,1.4957127283417129,1.2070660851715722,0.004772588898035,-0.28864664317014066
1988.4583,1.6127222264926793,1.227774601783198,0.0047654158690285196,-0.3849476247094812
1988.5417,1.9126953310903234,1.2089663469598602,0.004758253620825965,-0.7037289841304633
1988.625,2.1452580459930912,1.1568599681640181,0.004751102137224177,-0.9883980778290731
1988.7083,2.2783179349804143,1.1167931693184945,0.004743961402044348,-1.1615247656619199
1988.7917,2.252497106046221,1.137013014946389,0.004736831399131988,-1.115484091099832
1988.875,2.488272820024511,1.2237479196643086,0.0047297121123568864,-1.2645249003602022
1988.9583,2.7481209907127813,1.332055919251223,0.0047226035256130745,-1.4160650714615584
1989.0417,2.7142760095419276,1.4017397576701163,0.004715505622818791,-1.3125362518718113
1989.125,2.648332333061397,2.3369704282573,0.008659474537080745,-0.3113619048040972
1989.2083,2.3849874179247017,2.3162780108181646,0.008646459659126155,-0.06870940710653706
1989.2917,2.16979158893404,2.2854892605046992,0.008633464342063794,0.11569767157065947
1989.375,2.2290296946166954,2.2591038258151976,0.008620488556494346,0.03007413119850222
1989.4583,2.252960278640225,2.2164255111534725,0.008607532273062681,-0.03653476748675244
1989.5417,2.5015817298314933,2.131148321802902,0.008594595462457789,-0.37043340802859115
1989.625,2.795137181730238,2.010491544370328,0.008581678095412713,-0.78464563735991
1989.7083,2.7147517003141477,1.9004990558409536,0.008568780142704485,-0.8142526444731941
1989.7917,2.5075821099231823,1.850119037243279,0.008555901575154056,-0.6574630726799033
1989.875,2.765832126525836,1.8665722373258467,0.008543042363626234,-0.8992598891999894
1989.9583,2.905318013664203,1.9055810254816468,0.008530202479029613,-0.9997369881825562
1990.0417,2.8361717699233306,1.9075905483739626,0.008517381892316515,-0.9285812215493681
1990.125,2.901833787393994,1.8453948181734665,0.008504580574482916,-1.0564389692205274
1990.2083,2.766883653496007,1.7394043400732344,0.008491798496568384,-1.0274793134227727
1990.2917,2.20343210652736,1.6280837011771676,0.008479035629656016,-0.5753484053501925
1990.7083,1.6956071708259612,0.9294818629868014,0.00841550845107358,-0.7661253078391599
1990.7917,1.2637592314454724,0.83624648782292,0.008402860245348448,-0.4275127436225524
1990.875,0.6890726195276796,0.8168521256127764,0.008390231049420407,0.1277795060850968
1990.9583,0.20426026811394674,0.8269622864724087,0.008377620834718415,0.622702018358462
1991.0417,-0.5630080838467283,0.8069142902388073,0.008365029572714375,1.3699223740855357
1991.125,-0.9001685231989828,0.7293477854494573,0.008352457234923068,1.62951630864844
1991.2083,-0.8056124640420198,0.6144046729079022,0.008339903792902082,1.4200171369499222
1991.2917,-0.9533916442486975,0.5002400429408129,0.008327369218251755,1.4536316871895103
1991.375,-0.8219236502578829,0.4016347345407739,0.00831485348261511,1.2235583847986569
1991.4583,-0.6358868310590994,0.06002158553443451,0.006079514193721803,0.6959084165935339
1991.5417,-0.6472470777904086,-0.016295988783202098,0.006070376903125743,0.6309510890072065
1991.625,-0.7260177142165937,-0.11690221801831452,0.006061253345547944,0.6091154961982792
1991.7083,-0.3265292655252886,-0.19618379988319518,0.006052143500348175,0.13034546564209343
1991.7917,-0.1838199474962199,-0.20568536727209558,0.006043047346917224,-0.021865419775875666
1991.875,-0.0683960852526538,-0.13879699291098413,0.006033964864676859,-0.07040090765833033
1991.9583,0.07912438593755336,-0.04049216629141039,0.006024896033079772,-0.11961655222896375
1992.0417,0.08381453004260077,0.028936608591403234,0.006015840831609538,-0.054877921451197534
1992.125,0.3228157612746286,0.041373389940392746,0.006006799239780569,-0.28144237133423583
1992.2083,0.31466434089276907,0.016357481765601478,0.005997771237138064,-0.2983068591271676
1992.2917,-0.056188775128707055,-0.008533676603312168,0.005988756803257967,0.04765509852539489
1992.375,0.28392178155652653,-0.019191114405020193,0.0059797559177469164,-0.3031128959615467
1992.4583,0.2163903828055595,-0.036870200787435414,0.005970768560242203,-0.2532605835929949
1992.5417,0.6078630247123484,-0.08847083800187439,0.00596179471041172,-0.6963338627142228
1992.625,0.43440906098400117,-0.16745103385734206,0.005952834347953921,-0.6018600948413433
1992.7083,0.2224366628840414,-0.22848962826865749,0.00594388745259777,-0.4509262911526989
1992.7917,-0.031256736847872404,-0.2233725866153914,0.005934954004102701,-0.192115849767519
1992.875,-0.10520578829773877,-0.14573217828741003,0.005926033982258565,-0.04052638998967126
1992.9583,-0.08125642700688515,-0.04063658261067715,0.00591712736688559,0.040619844396208
1993.0417,0.1721991273389186,0.03158274173452558,0.005908234137834333,-0.14061638560439302
1993.125,0.24108666206332016,0.04281624545755591,0.0058993542749856374,-0.19827041660576425
1993.2083,-0.2437131711721965,0.012717391582584447,0.00589048775825058,0.25643056275478093
1993.2917,-0.5054307231407706,-0.020967829355217793,0.005881634567570435,0.48446289378555285
1993.375,-0.5569075583293089,-0.043880954196874544,0.005872794682916622,0.5130266041324344
1993.4583,-0.6372721761150386,-0.5416380047292917,0.009371112399530921,0.09563417138574692
1993.5417,-0.7256588597743926,-0.5912004515654234,0.00935702795553188,0.13445840820896915
1993.625,-1.8203172129894851,-0.6707247376717671,0.009342964679944261,1.149592475317718
1993.7083,-1.573283484068653,-0.7344546201826809,0.009328922540952706,0.838828863885972
1993.7917,-1.5669784949737005,-0.7337059625862583,0.009314901506789673,0.8332725323874421
1993.875,-1.4643836790388247,-0.661542968079177,0.009300901545735367,0.8028407109596477
1993.9583,-1.0873507557045594,-0.5624987984881484,0.009286922626117664,0.524851957216411
1994.0417,-1.1003049837954133,-0.4963513399897901,0.009272964716312044,0.6039536438056232
1994.125,-1.24646723264915,-0.490583597846149,0.009259027784741516,0.7558836348030009
1994.2083,-1.3621372857309701,-0.5249776989033135,0.00924511179987655,0.8371595868276567
1994.2917,-1.0878118419355274,-0.5612230394712019,0.009231216730235005,0.5265888024643255
1994.375,-0.7829983750942402,-0.584369668349625,0.009217342544382051,0.1986287067446152
1994.4583,-0.17646343143109666,-0.6148452476653204,0.009203489210930109,-0.4383818162342238
1994.5417,-0.2552152905899573,-0.6786929535983096,0.009189656698538771,-0.4234776630083523
1994.625,-0.0017555635180814483,-0.768450517629903,0.009175844975914735,-0.7666949541118215
1994.7083,0.5919419883842272,-0.8379282140187374,0.00916205401181173,-1.4298702024029646
1994.7917,0.22110139054096742,-0.8380429233247049,0.009148283775030448,-1.0591443138656722
1994.875,0.20333392292593916,-0.7615698518424828,0.00913453423441847,-0.9649037747684219
1994.9583,0.34926667184570986,-0.6527821027719238,0.009120805358870202,-1.0020487746176336
1995.0417,0.23520937739075853,-0.5712436723922527,0.009107097117326797,-0.8064530497830112
1995.125,0.21423516978931662,-0.5444088002222454,0.009093409478776092,-0.7586439700115619
1995.2083,0.14350746286711624,-0.5520089857410295,0.009079742412252529,-0.6955164486081458
1995.2917,0.454751100585519,-0.5557353450173061,0.009066095886837095,-1.010486445602825
1995.375,0.3743948282519335,-0.5408930597742176,0.009052469871657243,-0.9152878880261511
1995.4583,-0.03335770442517789,-2.0380019314137754,0.011288412474988395,-2.0046442269885976
1995.5417,-0.7957898668682817,-2.11283921952462,0.011271446398116879,-1.3170493526563383
1995.625,-1.314280290409984,-2.207295138033089,0.011254505820647078,-0.8930148476231052
1995.7083,-2.235597343500676,-2.2754843569007646,0.011237590704254308,-0.03988701340008838
1995.7917,-2.685072964172778,-2.268677037780181,0.011220701010671491,0.4163959263925969
1995.875,-2.7509811724816955,-2.1803416066637724,0.01120383670168906,0.5706395658179231
1995.9583,-2.621092555309173,-2.0552292986182685,0.011186997739154873,0.5658632566909043
1996.0417,-2.565023635078282,-1.953419968338991,0.011170184084974137,0.611603666739291
1996.125,-2.73364558201513,-1.9032277537938298,0.011153395701109306,0.8304178282213002
1996.2083,-2.9215246597747484,-1.884976692274044,0.011136632549580007,1.0365479675007043
1996.2917,-2.672867740411867,-1.860973075801222,0.01111989459246295,0.8118946646106451
1996.375,-2.820621884262112,-1.817456585213853,0.011103181791891844,1.0031652990482591
1996.4583,-2.9089960497432497,-1.775659214150187,0.011086494110057304,1.1333368355930626
1996.5417,-2.747002478171942,-1.7624863291976873,0.011069831509206778,0.9845161489742549
1996.625,-2.0281147986543027,-1.771911344456273,0.01105319395164445,0.2562034541980296
1996.7083,-1.5981049451085767,-1.7587188025067437,0.01103658139973116,-0.16061385739816703
1996.7917,-1.2274750699319583,-1.6748345353750898,0.01101999381588432,-0.44735946544313143
1996.875,-1.0221498244648637,-1.5145714061558793,0.011003431162577829,-0.4924215816910156
1996.9583,-0.863367165606042,-1.3232338942123882,0.01098689340234198,-0.45986672860634625
1997.0417,-0.9902535063696839,-1.1614257000265424,0.010970380497763388,-0.17117219365685854
1997.125,-1.0417115642908978,-1.0580812271648103,0.010953892411484895,-0.016369662873912505
1997.2083,-0.6518224719284731,-0.9939004431449123,0.01093742910620549,-0.34207797121643924
1997.2917,-0.2715577722513613,-0.9315249552788849,0.010920990544680228,-0.6599671830275236
1997.375,-0.565355242262288,-0.8575259206095787,0.010904576689720138,-0.2921706783472907
1997.4583,-0.8174212788260803,-0.8159931432543566,0.010367950904072196,0.001428135571723721
1997.5417,-0.5960414697965571,-0.7430160682535136,0.010352368247748437,-0.14697459845695648
1997.625,-0.2286204209693883,-0.7010238884359818,0.010336809011595196,-0.47240346746659356
1997.7083,-0.6909271743132165,-0.6447828635692477,0.010321273160412802,0.04614431074396874
1997.7917,-0.9590394289872933,-0.5261531921843585,0.010305760659054487,0.4328862368029348
1997.875,-0.9799990320474828,-0.3391904773103309,0.010290271472426308,0.6408085547371519
1997.9583,-0.7891135051529118,-0.12895541176818748,0.010274805565487067,0.6601580933847243
1998.0417,-0.44736515348437655,0.04423353469117974,0.010259362903248229,0.4915986881755563
1998.125,-0.09438382322973131,0.15198834672612582,0.010243943450773849,0.24637216995585715
1998.2083,-0.01423410083671509,0.21404250722681373,0.010228547173180487,0.2282766080635288
1998.2917,0.330727249907342,0.2682181463281643,0.010213174035637134,-0.06250910357917766
1998.375,0.19261210328366224,0.32871399907408594,0.010197824003365129,0.1361018957904237
1998.4583,0.48300254245671415,0.37470616091946485,0.01018249704163808,-0.1082963815372493
1998.5417,0.7413005454091972,0.379759130243035,0.010167193115781794,-0.3615414151661622
1998.625,0.794168984742783,0.35079548179986353,0.010151912191174185,-0.44337350294291944
1998.7083,0.39927262109383077,0.3337337163523595,0.010136654233245206,-0.06553890474147128
1998.7917,0.43930575502961783,0.3773956630308344,0.010121419207476768,-0.061910091998783445
1998.875,0.5804461280555746,0.48872002341535525,0.01010620707940266,-0.09172610464021935
1998.9583,0.8467661968816819,0.6233121298495437,0.010091017814608473,-0.22345406703213821
1999.0417,0.9413681560254378,0.7214996451044859,0.010075851378731522,-0.21986851092095183
1999.125,0.7294312260970911,0.755817892273499,0.010060707737460768,0.026386666176407947
1999.2083,0.6731703604668828,0.7465731598583156,0.01004558685653674,0.0734027993914328
1999.2917,0.7292559716020626,0.7321255140688087,0.010030488701751458,0.002869542466746089
1999.375,0.32473312890476136,0.727434739450002,0.010015413238948353,0.4027016105452407
1999.4583,0.6071056749302612,1.2232055162503166,0.008279627178514892,0.6160998413200554
1999.5417,0.6294881775810389,1.08936839236796,0.008267183197442317,0.4598802147869211
1999.625,0.7321142889614554,0.9259546876132443,0.008254757919224543,0.19384039865178893
1999.7083,0.5185750322214197,0.779184711489744,0.008242351315751857,0.26060967926832435
1999.7917,0.3997295345987264,0.6981303401186293,0.008229963358956788,0.2984008055199029
1999.875,0.5007512328044179,0.6900687515609498,0.008217594020814052,0.1893175187565319
1999.9583,0.6868339519899946,0.710687534951834,0.008205243273340485,0.02385358296183937
2000.0417,0.627370519099445,0.7003451356365082,0.008192911088594983,0.07297461653706327
2000.125,0.5871621306686295,0.6316326424087153,0.008180597438678435,0.04447051174008576
2000.2083,0.5357207636517041,0.5247253915218347,0.008168302295733662,-0.01099537212986934
2000.2917,0.6158850905859726,0.4178074377754539,0.008156025631945353,-0.1980776528105187
2000.375,0.7650558749376978,0.32563693389582127,0.008143767419540001,-0.4394189410418765
2000.4583,0.8917607021172032,0.22749444891920922,0.008131527630785843,-0.6642662531979939
2000.5417,0.6124279870352326,0.09696988859833255,0.008119306237992797,-0.5154580984369
2000.625,0.18865427260426948,-0.05888916726662363,0.008107103213512394,-0.2475434398708931
2000.7083,-0.29289709338411246,-0.19438767030441118,0.008094918529737725,0.09850942307970129
2000.7917,-0.42457581004156847,-0.26099602507209996,0.00808275215910337,0.1635797849694685
2000.875,-0.37971900476642656,-0.25204785895021686,0.008070604074085339,0.1276711458162097
2000.9583,-0.3557279162148519,-0.21244094641854772,0.008058474247201011,0.14328696979630418
2001.0417,-0.3413591339855541,-0.20240092598160808,0.00804636265100907,0.13895820800394604
2001.125,-0.20341924185690283,-0.24997888496859322,0.00803426925810944,-0.04655964311169039
2001.2083,-0.33991537076460543,-0.3355703962527786,0.008022194041143231,0.004344974511826805
2001.2917,0.09172601867531416,-0.42154266968218557,0.00801013697279267,-0.5132686883574997
2001.375,0.0964620627671547,-0.49371806877367386,0.007998098025781044,-0.5901801315408286
2001.4583,-0.2887890445661239,0.6081059269135256,0.00847376561554636,0.8968949714796495
2001.5417,-0.37071426190282136,0.4884914544993666,0.008461029851403873,0.859205716402188
2001.625,0.06253154071182299,0.3402776640115761,0.00844831322865562,0.2777461232997531
2001.7083,0.3657781489130342,0.2088344506803908,0.008435615718532775,-0.15694369823264337
2001.7917,0.4523705603613824,0.14241522291878445,0.008422937292309753,-0.30995533744259796
2001.875,0.6031541033399767,0.14747146684280832,0.00841027792130414,-0.45568263649716834
2001.9583,0.9336882536897264,0.17897115433139174,0.00839763757687663,-0.7547170993583346
2002.0417,1.0202806651380747,0.1766102685601485,0.008385016230430963,-0.8436703965779262
2002.125,0.8950237739055902,0.11236656381453247,0.008372413853413857,-0.7826572100910577
2002.2083,0.7489053386756107,0.005919264621114112,0.008359830417314947,-0.7429860740544966
2002.2917,0.6541469023041506,-0.1049674399818725,0.008347265893666715,-0.7591143422860231
2002.375,0.0426067737175158,-0.2058412252293909,0.008334720254044428,-0.24844799894690672
2002.4583,-0.6106564428641091,-0.317629941386161,0.008322193470066078,0.2930265014779481
2002.5417,-0.3860406847656675,-0.4668650855245896,0.008309685513392312,-0.08082440075892211
2002.625,-0.8322740972797424,-0.6464450308560046,0.008297196355726368,0.18582906642373787
2002.7083,-1.4036872055939678,-0.8105675587798528,0.008284725968814018,0.593119646814115
2002.7917,-1.7488071199287647,-0.9105076700994778,0.008272274324443494,0.838299449829287
2002.875,-1.593201991973852,-0.9391820897641399,0.008259841394445433,0.6540199022097122
2002.9583,-1.4151288204836832,-0.9410776231049482,0.008247427150692807,0.4740511973787349
2003.0417,-1.511489583666832,-0.9759291605389147,0.008235031565100864,0.5355604231279174
2003.125,-1.5436571289566987,-1.0710549992626248,0.00822265460962706,0.4726021296940739
2003.2083,-1.4297771753598119,-1.2061860443004964,0.008210296256271002,0.2235911310593155
2003.2917,-1.3881145918928672,-1.3429621746786795,0.008197956477074374,0.04515241721418772
2003.375,-1.2389271166368538,-1.4662484339072965,0.008185635244120887,-0.2273213172704427
2003.4583,-0.8939428158994003,0.18081073070144227,0.002797571978256523,1.0747535466008427
2003.5417,-0.45105592969515446,0.059041449411899816,0.002793367328458169,0.5100973791070542
2003.625,-0.5827242145374302,-0.08855887397553408,0.002789168998096835,0.4941653405618961
2003.7083,-0.5506922828449068,-0.2157563986215405,0.002784976977674636,0.3349358842233663
2003.7917,-0.6037151130431605,-0.27342254874541094,0.0027807912577079603,0.33029256429774956
2003.875,-0.3967499862297281,-0.2541304032411089,0.002776611828727451,0.1426195829886192
2003.9583,-0.36311155499944386,-0.20209637208247822,0.0027724386812779823,0.16101518291696565
2004.0417,-0.4145278856599367,-0.17682577005269273,0.0027682718059186396,0.23770211560724397
2004.125,-0.35200167183246106,-0.20555210803036994,0.002764111193222698,0.14644956380209112
2004.2083,-0.06799967627580371,-0.2679392026948333,0.0027599568337775995,-0.19993952641902957
2004.2917,-0.06484718172832746,-0.32560830839750055,0.0027558087181849345,-0.26076112666917306
2004.375,0.02496240152161466,-0.36363140640761715,0.0027516668370604173,-0.3885938079292318
2004.4583,0.33946076557626026,-0.4025309684196998,0.0027475311810338673,-0.7419917339959601
2004.5417,0.5833461726756883,-0.46849539653614203,0.0027434017407491867,-1.0518415692118304
2004.625,0.19971616942142303,-0.5543538929017875,0.00273927850686434,-0.7540700623232105
2004.7083,-0.11330087687762484,-0.6142145763166122,0.0027351614700513315,-0.5009136994389874
2004.7917,-0.09409799149379203,-0.5993370715389805,0.002731050620996186,-0.5052390800451885
2004.875,0.06472639462575086,-0.5030240170460438,0.0027269459503989264,-0.5677504116717946
2004.9583,0.11120847670597808,-0.3700156361084104,0.0027228474489735537,-0.4812241128143885
2005.0417,0.09510384043068414,-0.2603773207960436,0.0027187551074480247,-0.35548116122672774
2005.125,0.21701837807941146,-0.20226519426545742,0.002714668916564232,-0.4192835723448689
2005.2083,0.35498122020145934,-0.17599361355413223,0.002710588867077983,-0.5309748337555915
2005.2917,0.10456341043614892,-0.14385635872500502,0.0027065149497589786,-0.24841976916115394
2005.375,0.3917825777944001,-0.09195257796665812,0.002702447155390793,-0.48373515576105824
2005.4583,0.17827461649990525,-0.9504262303296889,0.003312117686779666,-1.128700846829594
2005.5417,-0.36102310560035467,-0.911623250761985,0.003307139693336751,-0.5506001451616304
2005.625,-1.0094563917535166,-0.8949545796984811,0.0033021691816384666,0.11450181205503551
2005.7083,-1.054448810626002,-0.8552173462779635,0.00329720614044002,0.1992314643480384
2005.7917,-0.7559904055925326,-0.7443480184744172,0.0032922505585135193,0.011642387118115383
2005.875,-0.712712977135683,-0.5565815429215607,0.0032873024246479476,0.15613143421412234
2005.9583,-0.7384440924593261,-0.33724963190749685,0.0032823617276491386,0.4011944605518292
2006.0417,-0.7080019694002752,-0.14698131106793555,0.003277428456339749,0.5610206583323396
2006.125,-0.7754603454449803,-0.014669804237638195,0.003272502599559236,0.7607905412073421
2006.2083,-0.8268704170163649,0.07894176134247,0.0032675841461638293,0.9058121783588349
2006.2917,-0.8221030774789836,0.1711708434301632,0.0032626730850265086,0.9932739209091468
2006.375,-0.42093302018061973,0.2754496252301937,0.003257769405036977,0.6963826454108134
2006.4583,-0.2701244408455928,0.3703297189607293,0.0032528730951016343,0.640454159806322
2006.5417,0.31722013561193413,0.42873878332129617,0.003247984144143556,0.11151864770936204
2006.625,0.3749456280934515,0.45666182797158206,0.003243102541102464,0.08171619987813056
2006.7083,0.6766149458394066,0.4993190348613623,0.0032382282749347045,-0.1772959109780443
2006.7917,0.9060689798184554,0.6048395959748778,0.003233361334613221,-0.30122938384357756
2006.875,1.0247830365698771,0.7791592044040904,0.003228501709127531,-0.24562383216578676
2006.9583,1.0953500935383016,0.9771926602201724,0.0032236493874837,-0.11815743331812922
2007.0417,1.4307266924947308,1.138600952632825,0.003218804358704317,-0.29212573986190593
2007.125,1.5767241186686192,1.2349595155528366,0.0032139666118284702,-0.3417646031157826
2007.2083,1.751611413802735,1.2859715006826038,0.0032091361359117207,-0.4656399131201312
2007.2917,1.6681130787368537,1.3294337864796186,0.003204312920026079,-0.33867929225723503
2007.375,1.5156020271644073,1.3794884628761612,0.003199496953259981,-0.13611356428824606
2007.4583,1.1833424545838414,0.1690502702921166,0.006960212285330102,-1.0142921842917247
2007.5417,0.9473810542953429,0.18142770177970335,0.006949751337261751,-0.7659533525156396
2007.625,0.716230807167983,0.16025593481192923,0.006939306111621108,-0.5559748723560538
2007.7083,0.9793879496314337,0.1514109599016007,0.006928876584777931,-0.827976989729833
2007.7917,0.8188590049114354,0.2036790900828962,0.0069184627331374945,-0.6151799148285392
2007.875,0.7658528656174701,0.3239091658133919,0.006908064533140533,-0.4419436998040782
2007.9583,0.8075363127147751,0.4676746156113223,0.006897681961263191,-0.3398616971034528
2008.0417,0.9535420843408077,0.5752787123769547,0.006887314994016968,-0.37826337196385296
2008.125,0.8604151838635412,0.6191700487969749,0.006876963607948667,-0.2412451350665663
2008.2083,0.6790205224199758,0.619637289373653,0.0068666277796403385,-0.05938323304632276
2008.2917,1.004776901417164,0.6150304513987054,0.006856307485709231,-0.38974645001845853
2008.375,1.1267060436071437,0.6202307160588512,0.006846002702807736,-0.5064753275482925
2008.4583,0.9693859252365951,0.6148298057154478,0.006835713407623335,-0.3545561195211473
2008.5417,0.8570060666626305,0.5727691416231047,0.006825439576878547,-0.2842369250395258
2008.625,0.370683188410795,0.5014322732313929,0.0068151811873308765,0.13074908482059794
2008.7083,-0.0386028210978154,0.44697040007783817,0.0068049382157727625,0.48557322117565355
2008.7917,-0.37887611409986116,0.45839280716526587,0.006794710639031523,0.837268921265127
2008.875,-0.2874370813187615,0.5428370519135625,0.006784498433969302,0.830274133232324
2008.9583,-0.20883544029849668,0.6559370917388584,0.006774301577483021,0.864772532037355
2009.0417,-0.17356130044794676,0.7380030879014151,0.006764120046504324,0.9115643883493618
2009.125,-0.06928070317994031,0.7614975787657764,0.006753953817999526,0.8307782819457167
2009.2083,0.0029032851414251435,0.7465548253258811,0.00674380286896956,0.743651540184456
2009.2917,-0.005154248903811962,0.7313216220118629,0.0067336671764499255,0.7364758709156749
2009.375,-0.27802132493705384,0.7304356938086439,0.006723546717510639,1.0084570187456978
2009.4583,-0.5428663350966716,-0.8960628659347694,0.01124205535963363,-0.35319653083809777
2009.5417,-0.9088123252573508,-0.9890366953553378,0.01122515895583478,-0.080224370097987
2009.625,-1.4159946611436451,-1.1060236072942615,0.011208287946721528,0.3099710538493836
2009.7083,-1.4063994775408368,-1.201321187523323,0.011191442294126578,0.20507829001751388
2009.7917,-1.4946985339526766,-1.2263948505656712,0.011174621959939996,0.2683036833870054
2009.875,-1.4786815249248968,-1.174663727392724,0.01115782690610913,0.30401779753217273
2009.9583,-1.4594556895476674,-1.0910273878462406,0.011141057094638513,0.3684283017014267
2010.0417,-1.2059125079543493,-1.0357173185217317,0.01112431248758979,0.1701951894326177
2010.125,-1.2139679556365506,-1.0368822314633013,0.011107593047081624,0.1770857241732493
2010.2083,-1.4081916633888063,-1.0749327415582417,0.011090898735289612,0.3332589218305646
2010.2917,-1.562290437231689,-1.1122565142438874,0.011074229514446199,0.45003392298780165
2010.375,-1.6409609282321433,-1.1347881603664052,0.011057585346840594,0.5061727678657382
2010.4583,-2.146532591854605,-1.1637626783275374,0.011040966194818687,0.9827699135270676
2010.5417,-2.120878671963296,-1.2260761184373479,0.011024372020782953,0.8948025535259481
2010.625,-1.7870918816403394,-1.3152442290567783,0.011007802787192383,0.4718476525835611
2010.7083,-1.515891809672904,-1.3859575287780561,0.010991258456562385,0.12993428089484782
2010.7917,-1.424438172350552,-1.3900304359736968,0.01097473899146471,0.034407736376855125
2010.875,-1.1420051217970066,-1.321166099176464,0.010958244354527358,-0.17916097737945735
2010.9583,-0.7953746806241071,-1.2244749060283553,0.010941774508434499,-0.4291002254042482
2011.0417,-0.7328067395359105,-1.1603464626733575,0.010925329415926388,-0.42753972313744704
2011.125,-0.6943175142468028,-1.1569689203585436,0.010908909039799282,-0.4626514061117408
2011.2083,-0.4311395081529915,-1.194756321667825,0.010892513342905348,-0.7636168135148335
2011.2917,-0.14228045944840254,-1.2360442965616487,0.01087614228815259,-1.093763837113246
2011.375,-0.037989430365215786,-1.266551463206597,0.01085979583850476,-1.2285620328413813
2011.4583,0.6970279217841502,1.1439413882342349,0.009147454278249888,0.4469134664500847
2011.5417,1.0051482740375814,1.0309095879984151,0.00913370598434166,0.0257613139608337
2011.625,0.9136445640023643,0.885360864206264,0.009119978353623388,-0.028283699796100237
2011.7083,0.9521379620175441,0.75304211735614,0.009106271355039046,-0.19909584466140406
2011.7917,0.9761916414602002,0.6826213310350964,0.00909258495757928,-0.29357031042510384
2011.875,0.99542790865261,0.6810820841469938,0.009078919130281343,-0.3143458245056162
2011.9583,0.9745434146617183,0.7038911360915393,0.009065273842229021,-0.27065227857017904
2012.0417,1.006623332704071,0.691266655560172,0.009051649062552573,-0.31535667714389903
2012.125,1.1237580126372007,0.6158165964847552,0.009038044760428646,-0.5079414161524455
2012.2083,1.330769039437426,0.49777783438741796,0.009024460905080217,-0.8329912050500081
2012.2917,1.0691537192576186,0.3754788896625624,0.009010897465776522,-0.6936748295950562
2012.375,1.0562954638664235,0.26401336890233984,0.008997354411832982,-0.7922820949640836
2012.4583,0.6518414711493119,0.1429996894882674,0.008983831712611133,-0.5088417816610444
2012.5417,-0.022229043990870605,-0.013558015761417908,0.008970329337518564,0.008671028229452697
2012.625,-0.3961887545730298,-0.19799531916014107,0.008956847256008843,0.19819343541288875
2012.7083,-0.7573069006682822,-0.36404427347695045,0.008943385437581445,0.39326262719133176
2012.7917,-0.8471957657135943,-0.4625406946880891,0.008929943851781688,0.3846550710255052
2012.875,-0.8359794780317727,-0.48599815514501976,0.008916522468200664,0.349981322886753
2012.9583,-0.8440203211727215,-0.47857803047713027,0.008903121256475164,0.36544229069559125
2013.0417,-0.9210676217311268,-0.49972897727128596,0.00888974018628762,0.4213386444598408
2013.125,-0.9965146818408792,-0.5765885853420374,0.008876379227366022,0.4199260964988418
2013.2083,-1.0976386118353374,-0.6887457917510729,0.008863038349483867,0.40889282008426453
2013.2917,-1.3592476729260363,-0.7977456479687179,0.008849717522460075,0.5615020249573184
2013.375,-1.251733212952148,-0.8885315396375869,0.00883641671615893,0.363201673314561
2013.4583,-1.0719992964852807,-0.22849286564570903,0.009591210806093499,0.8435064308395717
2013.5417,-1.0463307720527193,-0.30214074751127473,0.009576795562126497,0.7441900245414446
2013.625,-0.7719072691945817,-0.39771683675800595,0.009562401983751342,0.3741904324365758
2013.7083,-0.3787217232351932,-0.4692631623598602,0.009548030038405429,-0.090541439124667
2013.7917,-0.020839526208859233,-0.4679723055729612,0.009533679693575095,-0.447132779364102
2013.875,-0.059368392395651996,-0.38700884176976014,0.009519350916795545,-0.32764044937410813
2013.9583,-0.08345336728384908,-0.271037133414881,0.009505043675650776,-0.18758376613103192
2014.0417,-0.08667053908544296,-0.18004686947763104,0.009490757937773505,-0.09337633039218808
2014.125,0.11072026775554165,-0.14204375352027532,0.009476493670845097,-0.252764021275817
2014.2083,-0.046568555169466175,-0.13726310975013867,0.00946225084259549,-0.09069455458067249
2014.2917,0.12193864180039922,-0.12792099198706386,0.009448029420803122,-0.24985963378746306
2014.375,-0.011277724414627837,-0.09996366145275837,0.00943382937329486,-0.08868593703813053
2014.4583,0.08340351652449829,-0.07454468618776289,0.009419650667945926,-0.15794820271226118
2014.5417,0.004758061880476357,-0.07849106180233234,0.009405493272679826,-0.08324912368280869
2014.625,0.09301956375766707,-0.10551571592144804,0.009391357155468271,-0.1985352796791151
2014.7083,-0.2054972594408117,-0.11034553363789745,0.009377242284331115,0.09515172580291426
2014.7917,-0.37080606187640774,-0.04484985482157067,0.009363148627336273,0.3259562070548371
2014.875,-0.12686849570107822,0.09687150300974545,0.009349076152599655,0.22373999871082367
2014.9583,0.15879633119531344,0.2695433072465938,0.009335024828285089,0.11074697605128037
2015.0417,0.4637245480035834,0.412589513865501,0.009320994622604254,-0.0511350341380824
2015.125,0.5824824183787625,0.49723158244869536,0.009306985503816605,-0.0852508359300671
2015.2083,0.4669250289008888,0.5427664350029,0.009292997440229303,0.07584140610201118
2015.2917,0.47976242066172364,0.5865481498707142,0.009279030400197142,0.1067857292089906
2015.375,0.6948142906028978,0.6421001038906706,0.009265084352122473,-0.05271418671222716
2015.4583,1.173069202994316,-0.2202226763472925,0.005473442472637706,-1.3932918793416085
2015.5417,0.7782667256819862,-0.21849177635464065,0.00546521608598251,-0.9967585020366269
2015.625,0.5551823580520074,-0.24639119955841676,0.0054570020632898,-0.8015735576104241
2015.7083,0.4604927716607371,-0.25870584470063585,0.005448800385976987,-0.7191986163613729
2015.7917,0.473332249784608,-0.20731439597441487,0.005440611035489409,-0.6806466457590228
2015.875,0.39469096786665814,-0.08624929851823437,0.005432433993300292,-0.4809402663848925
2015.9583,0.19889414238521813,0.059384409725225296,0.005424269240910709,-0.13950973265999284
2016.0417,0.3176582718495053,0.16922646915299955,0.005416116759849533,-0.14843180269650574
2016.125,0.3577811193958426,0.21486505646373755,0.0054079765316734,-0.14291606293210507
2016.2083,0.5391340535786869,0.21597370964483842,0.005399848537966666,-0.3231603439338485
2016.2917,0.13631159675576907,0.2103198735759948,0.005391732760341364,0.07400827682022573
2016.375,0.08335135744859695,0.21204559165039094,0.005383629180437166,0.128694234201794
2016.4583,-0.10602572897090765,0.2002629587035354,0.0053755377799213355,0.30628868767444306
2016.5417,-0.5184767512052108,0.14848042354549107,0.005367458540488691,0.6669571747507018
2016.625,-0.6388411211181506,0.06354628795626815,0.005359391443861564,0.7023874090744188
2016.7083,-0.8651280560084708,-0.008677411017610659,0.005351336471789754,0.8564506449908601
2016.7917,-0.7142610585084345,-0.019415002564224737,0.005343293606050493,0.6948460559442098
2016.875,-0.7864784286383767,0.038195050619487914,0.005335262828448399,0.8246734792578646
2016.9583,-0.40611358353553445,0.11971941801250152,0.0053272441208154385,0.5258330015480359
2017.0417,-0.20067776082752903,0.16545912823155862,0.005319237465010883,0.36613688905908764
2017.125,-0.19104293632703576,0.1478818310602601,0.005311242842921269,0.3389247673872958
2017.2083,-0.3210337852883247,0.08728068529943966,0.005303260236460356,0.4083144705877644
2017.2917,-0.2327555925068456,0.022015519932844008,0.005295289627569089,0.25477111243968964
2017.375,0.4140252941217623,-0.03300334936786864,0.005287330998215552,-0.44702864348963095
2017.4583,0.778341834751284,-0.45719513712749404,0.0073658938594975,-1.235536971878778
2017.5417,0.6708252884143592,-0.5063891137728724,0.007354823186652709,-1.1772144021872317
2017.625,0.41886565636540546,-0.5841438337936924,0.007343769152629977,-1.0030094901590978
2017.7083,0.17974341607728664,-0.6443029550239123,0.007332731732421755,-0.8240463711011989
2017.7917,9.499610419481387e-06,-0.6378465491447488,0.007321710901058078,-0.6378560487551683
2017.875,-0.17812417640779493,-0.5576128360069357,0.007310706633606513,-0.37948865959914074
2017.9583,-0.019230940308062286,-0.4479498571323777,0.0072997189051720954,-0.42871891682431545
2018.0417,-0.2872347041042643,-0.3685245669702714,0.007288747690897279,-0.08128986286600709
2018.125,-0.2711738814527275,-0.34684258093712167,0.007277792965961879,-0.07566869948439414
2018.2083,-0.15721673242350673,-0.36274186565376654,0.007266854705583011,-0.2055251332302598
2018.2917,-0.03522917206851753,-0.378043982375323,0.007255932885015041,-0.3428148103068055
2018.375,-0.45409367427564784,-0.37807670270298016,0.007245027479549526,0.07601697157266768
2018.4583,-0.7686421110431586,-0.38355902710429046,0.00723413846451516,0.38508308393886814
2018.5417,-1.15219491886509,-0.42089595774974836,0.007223265815277715,0.7312989611153415
2018.625,-1.3383485743938923,-0.48312528646436714,0.007212409507239988,0.8552232879295252
2018.7083,-0.9643951229008416,-0.5245478020823016,0.007201569515841746,0.43984732081854006
2018.7917,-0.9499324543349215,-0.49662826566044177,0.007190745816559667,0.4533041886744797
2018.875,-0.8279469803429683,-0.39279604402803137,0.00717993838490729,0.43515093631493695
2018.9583,-0.6481838547935964,-0.2579510858999182,0.007169147196434953,0.3902327688936782
2019.0417,-0.5984115782055134,-0.15232272052166684,0.007158372226729742,0.44608885768384654
2019.125,-0.31753912720293576,-0.10407805715933394,0.007147613451415435,0.21346107004360182
2019.2083,-0.23888324074373357,-0.09362998186850868,0.007136870846152447,0.1452532588752249
2019.2917,-0.39774726776096153,-0.0833670338989379,0.007126144386637773,0.31438023386202363
2019.375,-0.7572255325098761,-0.05925522297563607,0.007115434048604936,0.69797030953424
2019.4583,-0.30623312591056395,0.5842061615701412,0.006848093900042837,0.8904392874807051
2019.5417,0.2282179748569446,0.5614158928656751,0.006837801461864403,0.33319791800873044
2019.625,0.8445170975288164,0.5104423142589092,0.006827524492849389,-0.33407478326990725
2019.7083,0.955273765660732,0.47658507930124755,0.0068172629697482,-0.4786886863594844
2019.7917,0.6888848468544349,0.5080202135581022,0.006807016869346186,-0.18086463329633262
2019.875,0.9360583620986827,0.6109863689401305,0.006796786168463585,-0.3250719931585522
2019.9583,0.9986701168106366,0.7403558493833569,0.0067865708439554745,-0.2583142674272797
2020.0417,1.2923903913892292,0.8357219999595884,0.006776370872711719,-0.4566683914296408
2020.125,1.3678416242250542,0.8688239456865747,0.006766186231656915,-0.49901767853847945
2020.2083,1.3245308139596275,0.8592243998849733,0.006756016897750342,-0.4653064140746541
2020.2917,1.2057938072148089,0.8445651463009196,0.006745862847985908,-0.3612286609138893
2020.375,1.4642044737712387,0.8390443365782044,0.006735724059392098,-0.6251601371930343
2020.4583,1.8092805744822789,0.821604621105401,0.006725600509031924,-0.9876759533768779
2020.5417,1.3631473073939344,0.7655809228344937,0.00671549217400287,-0.5975663845594407
2020.625,0.5671434773376999,0.6778187384928552,0.006705399031436842,0.11067526115515536
2020.7083,-0.017015222763773884,0.6039880358060882,0.006695321058500115,0.621003258569862
2020.7917,-0.26413866529515645,0.5926797802898304,0.006685258232393284,0.8568184455849868
2020.875,-0.2785575202373195,0.6507346472690102,0.00667521053035121,0.9292921675063297
2020.9583,-0.12446291912050897,0.7335422520404383,0.006665177929642969,0.8580051711609473
2021.0417,-0.11159423191413341,0.7812448165139327,0.0066551604075718,0.8928390484280662
2021.125,-0.3571153476338272,0.766310649798286,0.006645157941475056,1.1234259974321132
2021.2083,-0.5496762240463489,0.7089051913052637,0.0066351705087241515,1.2585814153516126
2021.2917,-0.36829199441796373,0.6472879239281649,0.0066251980867245075,1.0155799183461287
2021.375,-0.23505685093561215,0.5964236952847879,0.006615240652915508,0.8314805462204
2021.4583,-0.7502007481674853,-0.09252600323441218,0.01347810915070249,0.6576747449330731
2021.5417,-0.7180707574122674,-0.15376042673814355,0.013457852038691378,0.564310330674124
2021.625,-0.2847185502827843,-0.24380038911543245,0.013437625372389113,0.04091816116735186
2021.7083,-0.27184986307640874,-0.3164995324737966,0.013417429106036893,-0.04464966939738785
2021.7917,-0.43551461143959486,-0.3228087039012406,0.013397263193944691,0.11270590753835424
2021.875,-0.24931714228703517,-0.2554026006382628,0.013377127590491148,-0.006085458351227646
2021.9583,0.004286543834328354,-0.1585388057669121,0.013357022250123474,-0.16282534960124045
2022.0417,0.06851731626225936,-0.09175516494136249,0.01333694712735734,-0.16027248120362186
2022.125,0.12472185009049407,-0.08231868895181726,0.013316902176776783,-0.20704053904231134
2022.2083,0.060557841279716744,-0.1098880040595861,0.013296887353034095,-0.17044584533930285
2022.2917,0.4136706124056333,-0.13607091869296972,0.013276902610849727,-0.549741531098603
2022.375,0.2724739075777031,-0.14590880801283967,0.01325694790501218,-0.4183827155905428
2022.4583,0.09436526791592134,-0.1598767910375698,0.013237023190377907,-0.25424205895349117
2022.5417,0.39291338655994085,-0.20410895965072906,0.013217128421871211,-0.5970223462106699
2022.625,0.23727279043341507,-0.27134914209235994,0.013197263554484145,-0.508621932525775
2022.7083,-0.1350282615350819,-0.31562392415679563,0.013177428543276401,-0.18059566262171373
2022.7917,-0.13177979428794723,-0.2881064854976787,0.01315762334337522,-0.15632669120973147
2022.875,-0.12050926116718834,-0.18197298188351385,0.013137847909975284,-0.06146372071632551
2022.9583,-0.20392622807466373,-0.041858785439237045,0.013118102198338612,0.1620674426354267
2023.0417,0.02882425950134896,0.07227793216095035,0.01309838616379447,0.04345367265960139
2023.125,0.1540415098361484,0.13243214203469678,0.013078699761739254,-0.021609367801451618
2023.2083,0.4188886063588021,0.15840513673123202,0.013059042947636405,-0.2604834696275701
2023.2917,0.6676894847711713,0.1880184211812823,0.013039415677016296,-0.479671063589889
2023.375,0.41736347497944726,0.23533100904940862,0.013019817905476136,-0.18203246593003863
2023.4583,0.32110911631113714,0.13238195911806083,0.013200044430303193,-0.1887271571930763
2023.5417,0.3757175824167912,0.16616996112223525,0.013180205239539377,-0.20954762129455595
2023.625,0.3468694407172848,0.1761656069111257,0.013160395866363845,-0.1707038338061591
2023.7083,0.204074581803738,0.2076405785179697,0.013140616265961838,0.0035659967142316895
2023.7917,0.29238824275683006,0.30872229324149736,0.01312086639358595,0.016334050484667295
2023.875,0.42082266489322334,0.48526981141676556,0.013101146204556031,0.06444714652354222
2023.9583,0.9039367167956089,0.6919982335413879,0.013081455654259083,-0.21193848325422104
2024.0417,1.2426160284381103,0.8683191244217587,0.013061794698149158,-0.3742969040163515
2024.125,1.2843850164198936,0.9854006876511983,0.01304216329174726,-0.2989843287686953
2024.2083,1.1801106782409951,1.0625193481586144,0.013022561390641245,-0.11759133008238076
2024.2917,1.1368249043320013,1.137005442587047,0.013002988950485714,0.00018053825504571464
2024.375,1.1288445657190982,1.2223155695030474,0.012983445927001925,0.09347100378394924
2024.4583,1.2460460092693815,1.2969923161919916,0.012963932275977677,0.05094630692261015
2024.5417,1.2933063047620565,1.3339480968055453,0.012944447953267227,0.04064179204348872
2024.625,1.3523545514084319,1.3391563095041479,0.012924992914791173,-0.01319824190428398
2024.7083,1.3057264239156807,1.3578022570372772,0.012905567116536369,0.05207583312159647
2024.7917,1.6444286855515784,1.437975338150216,0.012886170514555815,-0.20645334740136234
2024.875,1.8505258853420128,1.5855697591515359,0.012866803064968567,-0.2649561261904769
2024.9583,2.445414750537908,1.7554459622827088,0.012847464723959626,-0.689968788255199
